Time[s], Channel 0, Channel 1, Channel 2, Channel 3, Channel 4, Channel 5, Channel 6, Channel 7
1.2316403125, 0, 0, 0, 0, 0, 0, 0, 0
1.2317403125, 1, 1, 1, 1, 1, 1, 1, 1
1.2317405625, 0, 0, 0, 0, 0, 0, 0, 0
1.2317415625, 1, 1, 1, 1, 1, 1, 1, 1
1.2317419375, 1, 1, 1, 1, 1, 1, 1, 0
1.231742125, 1, 1, 1, 1, 1, 1, 1, 1
1.2317421875, 1, 1, 1, 1, 1, 1, 1, 0
1.2317423125, 1, 1, 1, 1, 1, 1, 1, 1
1.2317424375, 0, 0, 0, 0, 0, 0, 0, 0
1.2317428125, 1, 1, 1, 1, 1, 1, 1, 1
1.2317430625, 1, 1, 1, 1, 0, 0, 0, 0
1.231743125, 1, 1, 1, 1, 0, 0, 1, 1
1.2317431875, 1, 1, 1, 1, 0, 0, 0, 0
1.231743375, 1, 1, 1, 1, 0, 0, 1, 1
1.2317434375, 1, 1, 1, 1, 0, 0, 0, 0
1.231743625, 1, 1, 1, 1, 0, 0, 1, 1
1.2317436875, 0, 0, 0, 0, 0, 0, 0, 0
1.2317440625, 1, 1, 1, 1, 1, 1, 1, 1
1.2317443125, 0, 0, 0, 0, 1, 0, 0, 0
1.2317449375, 0, 0, 0, 0, 0, 0, 0, 0
1.2317453125, 1, 1, 1, 1, 1, 1, 1, 1
1.2317455625, 1, 0, 0, 1, 0, 1, 1, 0
1.231745875, 1, 0, 1, 1, 0, 1, 1, 0
1.2317459375, 1, 0, 0, 1, 0, 1, 1, 0
1.2317461875, 0, 0, 0, 0, 0, 0, 0, 0
1.2317465625, 1, 1, 1, 1, 1, 1, 1, 1
1.2317468125, 1, 1, 1, 0, 0, 0, 0, 0
1.2317474375, 0, 0, 0, 0, 0, 0, 0, 0
1.2317478125, 1, 1, 1, 1, 1, 1, 1, 1
1.2317480625, 0, 0, 0, 0, 1, 1, 0, 0
1.231748125, 0, 0, 0, 0, 1, 1, 1, 0
1.2317486875, 0, 0, 0, 0, 0, 0, 0, 0
1.2317490625, 1, 1, 1, 1, 1, 1, 1, 1
1.231749375, 0, 1, 1, 0, 1, 1, 1, 0
1.2317495, 0, 1, 1, 1, 1, 1, 1, 1
1.2317495625, 0, 1, 1, 0, 1, 1, 1, 0
1.2317498125, 0, 1, 1, 0, 1, 1, 1, 1
1.231749875, 0, 1, 1, 0, 1, 1, 1, 0
1.2317499375, 0, 0, 0, 0, 0, 0, 1, 0
1.23175, 0, 0, 0, 0, 0, 0, 0, 0
1.2317503125, 1, 1, 1, 1, 1, 1, 1, 1
1.2317505625, 0, 0, 0, 0, 0, 0, 0, 0
1.2317515625, 1, 1, 1, 1, 1, 1, 1, 1
1.2317518125, 1, 0, 0, 0, 1, 1, 1, 0
1.2317519375, 1, 0, 0, 1, 1, 1, 1, 1
1.231752, 1, 0, 0, 0, 1, 1, 1, 0
1.231752125, 1, 0, 0, 0, 1, 1, 1, 1
1.2317521875, 1, 0, 0, 0, 1, 1, 1, 0
1.2317524375, 0, 0, 0, 0, 0, 0, 0, 0
1.2317528125, 1, 1, 1, 1, 1, 1, 1, 1
1.2317530625, 0, 1, 1, 1, 1, 1, 1, 1
1.231753125, 0, 1, 1, 1, 1, 1, 1, 0
1.23175325, 1, 1, 1, 1, 1, 1, 1, 1
1.2317533125, 0, 1, 1, 1, 1, 1, 1, 0
1.231753375, 0, 1, 1, 1, 1, 1, 1, 1
1.2317534375, 0, 1, 1, 1, 1, 1, 1, 0
1.2317535625, 1, 1, 1, 1, 1, 1, 1, 1
1.231753625, 0, 1, 1, 1, 1, 1, 1, 0
1.2317536875, 0, 0, 0, 0, 0, 0, 0, 0
1.2317540625, 1, 1, 1, 1, 1, 1, 1, 1
1.231754375, 0, 0, 0, 1, 1, 1, 1, 0
1.231755, 0, 0, 0, 0, 0, 0, 0, 0
1.2317553125, 1, 1, 1, 1, 1, 1, 1, 1
1.2317555625, 0, 1, 1, 1, 1, 1, 1, 0
1.2317556875, 1, 1, 1, 1, 1, 1, 1, 1
1.23175575, 0, 1, 1, 1, 1, 1, 1, 0
1.231755875, 1, 1, 1, 1, 1, 1, 1, 1
1.2317559375, 0, 1, 1, 1, 1, 1, 1, 0
1.231756, 0, 1, 1, 1, 1, 1, 1, 1
1.2317560625, 0, 1, 1, 1, 1, 1, 1, 0
1.2317561875, 0, 0, 0, 0, 0, 0, 0, 0
1.2317565625, 1, 1, 1, 1, 1, 1, 1, 1
1.2317568125, 0, 0, 0, 0, 0, 0, 0, 0
1.231756875, 1, 0, 0, 0, 0, 0, 0, 0
1.2317574375, 0, 0, 0, 0, 0, 0, 0, 0
1.2317578125, 1, 1, 1, 1, 1, 1, 1, 1
1.2317580625, 0, 1, 1, 1, 1, 1, 1, 1
1.231758125, 0, 1, 1, 0, 1, 1, 1, 0
1.23175825, 0, 1, 1, 1, 1, 1, 1, 1
1.2317583125, 0, 1, 1, 0, 1, 1, 1, 0
1.2317584375, 0, 1, 1, 1, 1, 1, 1, 1
1.2317585, 0, 1, 1, 0, 1, 1, 1, 0
1.231758625, 0, 1, 1, 1, 1, 1, 1, 1
1.2317586875, 0, 0, 0, 0, 0, 0, 0, 0
1.231759, 1, 1, 1, 1, 1, 1, 1, 1
1.231759375, 1, 0, 0, 0, 1, 1, 1, 0
1.23176, 0, 0, 0, 0, 0, 0, 0, 0
1.231760375, 1, 1, 1, 1, 1, 1, 1, 1
1.2317605625, 0, 0, 0, 0, 0, 0, 0, 0
1.2317615625, 1, 1, 1, 1, 1, 1, 1, 1
1.2317618125, 1, 1, 1, 1, 1, 0, 0, 1
1.231761875, 1, 1, 1, 1, 1, 0, 0, 0
1.2317620625, 1, 1, 1, 1, 1, 1, 1, 1
1.231762125, 1, 1, 1, 1, 1, 0, 0, 0
1.2317623125, 1, 1, 1, 1, 1, 0, 1, 1
1.2317624375, 1, 1, 1, 1, 1, 0, 0, 0
1.2317625, 0, 0, 0, 0, 0, 0, 0, 0
1.2317628125, 1, 1, 1, 1, 1, 1, 1, 1
1.2317631875, 1, 1, 1, 1, 0, 1, 1, 0
1.2317633125, 1, 1, 1, 1, 1, 1, 1, 1
1.231763375, 1, 1, 1, 1, 0, 1, 1, 0
1.2317635, 1, 1, 1, 1, 1, 1, 1, 1
1.2317635625, 1, 1, 1, 1, 0, 1, 1, 0
1.231763625, 1, 1, 1, 1, 1, 1, 1, 1
1.2317636875, 1, 1, 1, 1, 0, 1, 1, 0
1.23176375, 0, 0, 0, 0, 0, 0, 0, 0
1.2317640625, 1, 1, 1, 1, 1, 1, 1, 1
1.2317643125, 1, 1, 1, 1, 0, 1, 1, 0
1.2317644375, 1, 1, 1, 1, 1, 1, 1, 1
1.2317645, 1, 1, 1, 1, 0, 1, 1, 0
1.2317645625, 1, 1, 1, 1, 1, 1, 1, 1
1.231764625, 1, 1, 1, 1, 0, 1, 1, 0
1.231764875, 1, 1, 1, 1, 1, 1, 1, 1
1.2317649375, 1, 1, 1, 1, 0, 1, 1, 0
1.231765, 0, 0, 0, 0, 0, 0, 0, 0
1.2317653125, 1, 1, 1, 1, 1, 1, 1, 1
1.231765625, 1, 1, 1, 1, 0, 1, 1, 0
1.231765875, 1, 1, 1, 1, 1, 1, 1, 1
1.2317659375, 1, 1, 1, 1, 0, 1, 1, 0
1.231766, 1, 1, 1, 1, 1, 1, 1, 1
1.2317660625, 1, 1, 1, 1, 0, 1, 1, 0
1.231766125, 1, 1, 1, 1, 1, 1, 1, 1
1.2317661875, 1, 1, 1, 1, 0, 1, 1, 0
1.23176625, 0, 0, 0, 0, 0, 0, 0, 0
1.2317665625, 1, 1, 1, 1, 1, 1, 1, 1
1.2317668125, 0, 0, 0, 0, 0, 0, 0, 0
1.2317678125, 1, 1, 1, 1, 1, 1, 1, 1
1.2317680625, 0, 0, 0, 0, 1, 0, 0, 0
1.23176875, 0, 0, 0, 0, 0, 0, 0, 0
1.2317690625, 1, 1, 1, 1, 1, 1, 1, 1
1.231769375, 1, 1, 1, 1, 1, 0, 1, 1
1.2317694375, 1, 1, 1, 1, 1, 0, 0, 0
1.2317695625, 1, 1, 1, 1, 1, 0, 1, 1
1.231769625, 1, 1, 1, 1, 1, 1, 1, 1
1.2317696875, 1, 1, 1, 1, 1, 0, 0, 0
1.231769875, 1, 1, 1, 1, 1, 1, 1, 1
1.2317699375, 0, 0, 0, 0, 0, 0, 0, 0
1.2317703125, 1, 1, 1, 1, 1, 1, 1, 1
1.2317705625, 0, 0, 0, 0, 0, 0, 0, 0
1.2317715625, 1, 1, 1, 1, 1, 1, 1, 1
1.231771875, 1, 1, 1, 1, 0, 0, 0, 0
1.231772125, 1, 1, 1, 1, 0, 1, 1, 1
1.2317721875, 1, 1, 1, 1, 0, 0, 0, 0
1.2317723125, 1, 1, 1, 1, 0, 0, 1, 1
1.231772375, 1, 1, 1, 1, 0, 0, 0, 0
1.2317725, 0, 0, 0, 0, 0, 0, 0, 0
1.2317728125, 1, 1, 1, 1, 1, 1, 1, 1
1.2317730625, 1, 0, 0, 0, 1, 1, 1, 0
1.23177375, 0, 0, 0, 0, 0, 0, 0, 0
1.2317740625, 1, 1, 1, 1, 1, 1, 1, 1
1.2317743125, 0, 1, 1, 1, 1, 1, 1, 0
1.231774375, 1, 1, 1, 1, 1, 1, 1, 1
1.2317744375, 0, 1, 1, 1, 1, 1, 1, 0
1.2317745625, 1, 1, 1, 1, 1, 1, 1, 1
1.2317746875, 0, 1, 1, 1, 1, 1, 1, 0
1.2317748125, 1, 1, 1, 1, 1, 1, 1, 1
1.231774875, 0, 1, 1, 1, 1, 1, 1, 0
1.231775, 0, 0, 0, 0, 0, 0, 0, 0
1.2317753125, 1, 1, 1, 1, 1, 1, 1, 1
1.231775625, 0, 1, 1, 1, 1, 0, 0, 0
1.231775875, 0, 1, 1, 1, 1, 0, 1, 0
1.2317759375, 0, 1, 1, 1, 1, 0, 0, 0
1.2317760625, 0, 1, 1, 1, 1, 0, 1, 0
1.231776125, 0, 1, 1, 1, 1, 0, 0, 0
1.2317761875, 0, 0, 0, 0, 0, 0, 0, 0
1.2317765625, 1, 1, 1, 1, 1, 1, 1, 1
1.2317768125, 1, 0, 0, 1, 1, 0, 0, 0
1.2317775, 0, 0, 0, 0, 0, 0, 0, 0
1.2317778125, 1, 1, 1, 1, 1, 1, 1, 1
1.231778125, 0, 1, 1, 1, 1, 1, 1, 0
1.2317781875, 1, 1, 1, 1, 1, 1, 1, 1
1.23177825, 0, 1, 1, 1, 1, 1, 1, 0
1.231778375, 1, 1, 1, 1, 1, 1, 1, 1
1.2317784375, 0, 1, 1, 1, 1, 1, 1, 0
1.2317785625, 0, 1, 1, 1, 1, 1, 1, 1
1.231778625, 1, 1, 1, 1, 1, 1, 1, 1
1.2317786875, 0, 1, 1, 1, 1, 1, 1, 0
1.23177875, 0, 0, 0, 0, 0, 0, 0, 0
1.2317790625, 1, 1, 1, 1, 1, 1, 1, 1
1.2317793125, 1, 0, 0, 1, 1, 1, 1, 0
1.2317796875, 1, 1, 1, 1, 1, 1, 1, 1
1.23177975, 1, 0, 0, 1, 1, 1, 1, 0
1.2317798125, 1, 1, 1, 1, 1, 1, 1, 1
1.231779875, 1, 0, 0, 1, 1, 1, 1, 0
1.23178, 0, 0, 0, 0, 0, 0, 0, 0
1.2317803125, 1, 1, 1, 1, 1, 1, 1, 1
1.2317805625, 0, 0, 0, 0, 0, 0, 0, 0
1.2317815625, 1, 1, 1, 1, 1, 1, 1, 1
1.231781875, 0, 0, 0, 0, 1, 1, 1, 0
1.2317824375, 0, 0, 0, 0, 0, 0, 0, 0
1.2317828125, 1, 1, 1, 1, 1, 1, 1, 1
1.2317830625, 1, 0, 0, 0, 1, 1, 1, 0
1.2317831875, 1, 1, 1, 0, 1, 1, 1, 0
1.23178325, 1, 0, 0, 0, 1, 1, 1, 0
1.23178375, 0, 0, 0, 0, 0, 0, 0, 0
1.2317840625, 1, 1, 1, 1, 1, 1, 1, 1
1.231784375, 0, 0, 0, 1, 1, 1, 1, 0
1.2317844375, 1, 0, 0, 1, 1, 1, 1, 0
1.2317845, 0, 0, 0, 1, 1, 1, 1, 0
1.231784625, 1, 1, 1, 1, 1, 1, 1, 0
1.2317846875, 0, 0, 0, 1, 1, 1, 1, 0
1.2317848125, 1, 1, 1, 1, 1, 1, 1, 0
1.231784875, 0, 0, 0, 1, 1, 1, 1, 0
1.231785, 0, 0, 0, 0, 0, 0, 0, 0
1.2317853125, 1, 1, 1, 1, 1, 1, 1, 1
1.2317855625, 1, 0, 0, 0, 1, 1, 1, 0
1.23178625, 0, 0, 0, 0, 0, 0, 0, 0
1.2317865625, 1, 1, 1, 1, 1, 1, 1, 1
1.2317868125, 0, 0, 0, 1, 1, 1, 1, 0
1.231786875, 1, 1, 1, 1, 1, 1, 1, 0
1.2317869375, 0, 0, 0, 1, 1, 1, 1, 0
1.2317870625, 0, 1, 1, 1, 1, 1, 1, 0
1.231787125, 0, 0, 0, 1, 1, 1, 1, 0
1.2317875, 0, 0, 0, 0, 0, 0, 0, 0
1.2317878125, 1, 1, 1, 1, 1, 1, 1, 1
1.231788125, 1, 0, 0, 0, 0, 0, 0, 0
1.2317886875, 0, 0, 0, 0, 0, 0, 0, 0
1.2317890625, 1, 1, 1, 1, 1, 1, 1, 1
1.2317893125, 0, 0, 0, 0, 0, 0, 0, 0
1.231789375, 0, 0, 0, 1, 0, 0, 0, 0
1.231789875, 0, 0, 0, 0, 0, 0, 0, 0
1.2317903125, 1, 1, 1, 1, 1, 1, 1, 1
1.231790625, 0, 0, 0, 0, 0, 0, 0, 0
1.2317915625, 1, 1, 1, 1, 1, 1, 1, 1
1.2317918125, 1, 1, 1, 1, 0, 0, 0, 0
1.2317919375, 1, 1, 1, 1, 0, 1, 1, 1
1.231792, 1, 1, 1, 1, 0, 0, 0, 0
1.231792125, 1, 1, 1, 1, 0, 0, 1, 1
1.2317921875, 1, 1, 1, 1, 0, 0, 0, 0
1.2317923125, 1, 1, 1, 1, 0, 0, 1, 1
1.231792375, 1, 1, 1, 1, 0, 0, 0, 0
1.2317925, 0, 0, 0, 0, 0, 0, 0, 0
1.2317928125, 1, 1, 1, 1, 1, 1, 1, 1
1.2317930625, 1, 1, 1, 1, 1, 0, 0, 0
1.23179375, 0, 0, 0, 0, 0, 0, 0, 0
1.2317940625, 1, 0, 1, 1, 1, 1, 1, 1
1.231794125, 1, 1, 1, 1, 1, 1, 1, 1
1.2317945, 1, 1, 1, 1, 0, 1, 1, 0
1.2317945625, 1, 1, 1, 1, 1, 1, 1, 0
1.231794625, 1, 1, 1, 1, 0, 1, 1, 0
1.23179475, 1, 1, 1, 1, 1, 1, 1, 1
1.2317948125, 1, 1, 1, 1, 0, 1, 1, 0
1.2317949375, 0, 0, 0, 0, 0, 0, 0, 0
1.2317953125, 1, 1, 1, 1, 1, 1, 1, 1
1.2317955625, 1, 1, 1, 1, 0, 0, 0, 0
1.231795625, 1, 1, 1, 1, 0, 0, 1, 1
1.2317956875, 1, 1, 1, 1, 0, 0, 0, 0
1.231795875, 1, 1, 1, 1, 0, 1, 1, 1
1.2317959375, 1, 1, 1, 1, 0, 0, 0, 0
1.231796125, 1, 1, 1, 1, 0, 0, 1, 1
1.2317961875, 1, 1, 1, 1, 0, 0, 0, 0
1.23179625, 0, 0, 0, 0, 0, 0, 0, 0
1.2317965625, 1, 1, 1, 1, 1, 1, 1, 1
1.231796875, 0, 0, 0, 0, 1, 1, 1, 0
1.2317975, 0, 0, 0, 0, 0, 0, 0, 0
1.2317978125, 1, 1, 1, 1, 1, 1, 1, 1
1.2317980625, 0, 0, 0, 0, 1, 1, 1, 0
1.23179875, 0, 0, 0, 0, 0, 0, 0, 0
1.2317990625, 1, 1, 1, 1, 1, 1, 1, 1
1.2317993125, 1, 0, 0, 1, 1, 0, 0, 0
1.2317998125, 1, 0, 0, 1, 1, 0, 1, 0
1.231799875, 1, 0, 0, 1, 1, 0, 0, 0
1.2318, 0, 0, 0, 0, 0, 0, 0, 0
1.2318003125, 1, 1, 1, 1, 1, 1, 1, 1
1.231800625, 0, 0, 0, 0, 0, 0, 0, 0
1.2318015625, 1, 1, 1, 1, 1, 1, 1, 1
1.2318018125, 1, 1, 0, 1, 0, 0, 0, 0
1.231801875, 1, 1, 1, 1, 0, 0, 0, 0
1.2318021875, 1, 1, 1, 1, 0, 0, 1, 0
1.23180225, 1, 1, 1, 1, 0, 0, 0, 0
1.231802375, 1, 1, 1, 1, 0, 1, 1, 1
1.2318024375, 1, 1, 1, 1, 0, 0, 0, 0
1.2318025, 0, 0, 0, 0, 0, 0, 0, 0
1.2318028125, 1, 1, 1, 1, 1, 1, 1, 1
1.231803125, 1, 0, 1, 1, 1, 1, 1, 1
1.2318031875, 1, 0, 0, 0, 1, 1, 1, 0
1.23180375, 0, 0, 0, 0, 0, 0, 0, 0
1.2318040625, 1, 1, 1, 1, 1, 1, 1, 1
1.2318043125, 0, 1, 1, 1, 1, 1, 1, 1
1.231804375, 0, 1, 1, 1, 1, 1, 1, 0
1.2318045, 1, 1, 1, 1, 1, 1, 1, 1
1.2318045625, 0, 1, 1, 1, 1, 1, 1, 0
1.2318046875, 1, 1, 1, 1, 1, 1, 1, 1
1.23180475, 0, 1, 1, 1, 1, 1, 1, 0
1.231804875, 1, 1, 1, 1, 1, 1, 1, 1
1.2318049375, 0, 1, 1, 1, 1, 1, 1, 0
1.231805, 0, 0, 0, 0, 0, 0, 0, 0
1.2318053125, 1, 1, 1, 1, 1, 1, 1, 0
1.231805375, 1, 1, 1, 1, 1, 1, 1, 1
1.231805625, 0, 1, 1, 1, 1, 0, 0, 0
1.23180575, 0, 1, 1, 1, 1, 0, 1, 0
1.2318058125, 0, 1, 1, 1, 1, 0, 0, 0
1.2318059375, 0, 1, 1, 1, 1, 0, 1, 0
1.231806, 0, 1, 1, 1, 1, 0, 0, 0
1.231806125, 0, 1, 1, 1, 1, 0, 1, 0
1.2318061875, 0, 1, 1, 1, 1, 0, 0, 0
1.23180625, 0, 0, 0, 0, 0, 0, 0, 0
1.2318065625, 1, 1, 1, 1, 1, 1, 1, 1
1.231806875, 1, 0, 0, 1, 1, 0, 0, 0
1.2318074375, 0, 0, 0, 0, 0, 0, 0, 0
1.2318078125, 1, 1, 1, 1, 1, 1, 1, 1
1.2318080625, 0, 1, 1, 1, 1, 1, 1, 0
1.23180875, 0, 0, 0, 0, 0, 0, 0, 0
1.2318090625, 1, 1, 1, 1, 1, 1, 1, 1
1.2318094375, 1, 0, 0, 1, 1, 1, 1, 0
1.2318095625, 1, 1, 1, 1, 1, 1, 1, 1
1.231809625, 1, 0, 0, 1, 1, 1, 1, 0
1.23180975, 1, 0, 0, 1, 1, 1, 1, 1
1.2318098125, 1, 0, 0, 1, 1, 1, 1, 0
1.23181, 0, 0, 0, 0, 0, 0, 0, 0
1.2318103125, 1, 1, 1, 1, 1, 1, 0, 1
1.231810375, 1, 1, 1, 1, 1, 1, 1, 1
1.2318105625, 0, 0, 0, 0, 0, 0, 0, 0
1.2318115625, 1, 1, 1, 1, 1, 1, 1, 1
1.2318118125, 0, 0, 0, 0, 1, 1, 1, 0
1.2318125, 0, 0, 0, 0, 0, 0, 0, 0
1.2318128125, 1, 1, 1, 1, 1, 1, 1, 1
1.231813125, 1, 0, 0, 1, 1, 1, 1, 1
1.2318131875, 1, 0, 0, 0, 1, 1, 1, 0
1.2318134375, 1, 0, 0, 1, 1, 1, 1, 1
1.2318135, 1, 0, 0, 0, 1, 1, 1, 0
1.231813625, 1, 0, 0, 1, 1, 1, 1, 0
1.2318136875, 0, 0, 0, 0, 0, 0, 0, 0
1.2318140625, 1, 1, 1, 1, 1, 1, 0, 1
1.231814125, 1, 1, 1, 1, 1, 1, 1, 1
1.2318143125, 0, 0, 0, 1, 1, 1, 1, 0
1.231815, 0, 0, 0, 0, 0, 0, 0, 0
1.2318153125, 1, 1, 1, 1, 1, 1, 1, 1
1.231815625, 1, 0, 0, 0, 1, 1, 1, 0
1.2318156875, 1, 0, 0, 1, 1, 1, 1, 1
1.23181575, 1, 0, 0, 0, 1, 1, 1, 0
1.231816, 1, 0, 0, 1, 1, 1, 1, 1
1.2318160625, 1, 0, 0, 0, 1, 1, 1, 0
1.23181625, 0, 0, 0, 0, 0, 0, 0, 0
1.2318165625, 1, 1, 1, 1, 1, 1, 1, 1
1.2318168125, 0, 0, 0, 1, 1, 1, 1, 0
1.2318170625, 1, 1, 0, 1, 1, 1, 1, 0
1.231817125, 0, 0, 0, 1, 1, 1, 1, 0
1.23181725, 1, 1, 1, 1, 1, 1, 1, 0
1.2318173125, 0, 0, 0, 1, 1, 1, 1, 0
1.2318174375, 1, 1, 1, 1, 1, 1, 1, 0
1.2318175, 0, 0, 0, 0, 0, 0, 0, 0
1.2318178125, 1, 1, 1, 1, 1, 1, 0, 0
1.231817875, 1, 1, 1, 1, 1, 1, 1, 1
1.2318180625, 1, 0, 0, 0, 0, 0, 0, 0
1.23181875, 0, 0, 0, 0, 0, 0, 0, 0
1.2318190625, 1, 1, 1, 1, 1, 1, 1, 1
1.231819375, 0, 0, 0, 1, 0, 0, 0, 0
1.2318199375, 0, 0, 0, 0, 0, 0, 0, 0
1.2318203125, 1, 1, 1, 1, 1, 1, 1, 1
1.2318205625, 0, 0, 0, 0, 0, 0, 0, 0
1.2318215625, 1, 1, 1, 1, 1, 1, 1, 1
1.231821875, 1, 1, 1, 1, 0, 0, 0, 0
1.2318223125, 1, 1, 1, 1, 0, 0, 1, 0
1.231822375, 1, 1, 1, 1, 0, 0, 0, 0
1.2318225, 0, 0, 0, 0, 0, 0, 0, 0
1.2318228125, 1, 1, 1, 1, 1, 1, 1, 1
1.2318230625, 1, 1, 1, 1, 1, 0, 0, 0
1.23182375, 0, 0, 0, 0, 0, 0, 0, 0
1.2318240625, 1, 0, 1, 1, 1, 1, 1, 1
1.231824125, 1, 1, 1, 1, 1, 1, 1, 1
1.2318243125, 1, 1, 1, 1, 0, 1, 1, 0
1.231824375, 1, 1, 1, 1, 1, 1, 1, 1
1.2318244375, 1, 1, 1, 1, 0, 1, 1, 0
1.2318245625, 1, 1, 1, 1, 0, 1, 1, 1
1.231824625, 1, 1, 1, 1, 0, 1, 1, 0
1.23182475, 1, 1, 1, 1, 1, 1, 1, 1
1.2318248125, 1, 1, 1, 1, 0, 1, 1, 0
1.231824875, 1, 1, 1, 1, 1, 1, 1, 1
1.2318249375, 1, 1, 1, 1, 0, 1, 1, 0
1.231825, 0, 0, 0, 0, 0, 0, 0, 0
1.2318253125, 1, 1, 1, 1, 1, 1, 1, 1
1.231825625, 1, 1, 1, 1, 0, 0, 0, 0
1.2318256875, 1, 1, 1, 1, 0, 0, 0, 1
1.23182575, 1, 1, 1, 1, 0, 0, 0, 0
1.2318259375, 1, 1, 1, 1, 0, 0, 1, 1
1.231826, 1, 1, 1, 1, 0, 0, 0, 0
1.231826125, 1, 1, 1, 1, 0, 0, 1, 1
1.2318261875, 0, 0, 0, 0, 0, 0, 0, 0
1.2318265625, 1, 1, 1, 1, 1, 1, 0, 0
1.231826625, 1, 1, 1, 1, 1, 1, 1, 1
1.2318268125, 0, 0, 0, 0, 1, 1, 1, 0
1.2318275, 0, 0, 0, 0, 0, 0, 0, 0
1.2318278125, 1, 1, 1, 1, 1, 1, 1, 1
1.231828125, 0, 0, 0, 0, 1, 1, 1, 0
1.23182875, 0, 0, 0, 0, 0, 0, 0, 0
1.2318290625, 1, 1, 1, 1, 1, 1, 0, 0
1.231829125, 1, 1, 1, 1, 1, 1, 1, 1
1.2318293125, 1, 0, 0, 1, 1, 0, 0, 0
1.23183, 0, 0, 0, 0, 0, 0, 0, 0
1.2318303125, 1, 1, 1, 1, 1, 1, 1, 1
1.2318305625, 0, 0, 0, 0, 0, 0, 0, 0
1.2318315625, 1, 1, 1, 1, 1, 1, 1, 1
1.231831875, 1, 1, 1, 1, 1, 0, 0, 0
1.231832, 1, 1, 1, 1, 1, 1, 1, 1
1.2318320625, 1, 1, 1, 1, 1, 0, 0, 0
1.2318321875, 1, 1, 1, 1, 1, 0, 1, 1
1.23183225, 1, 1, 1, 1, 1, 0, 0, 0
1.231832375, 1, 1, 1, 1, 1, 0, 1, 1
1.2318324375, 0, 0, 0, 0, 0, 0, 0, 0
1.2318328125, 1, 1, 1, 1, 1, 1, 1, 1
1.2318330625, 1, 0, 0, 1, 0, 1, 1, 0
1.231833125, 1, 0, 1, 1, 0, 1, 1, 0
1.2318331875, 1, 0, 0, 1, 0, 1, 1, 0
1.2318334375, 1, 1, 1, 1, 0, 1, 1, 0
1.2318335, 1, 0, 0, 1, 0, 1, 1, 0
1.23183375, 0, 0, 0, 0, 0, 0, 0, 0
1.2318340625, 1, 1, 1, 1, 1, 1, 1, 1
1.231834375, 0, 1, 1, 0, 0, 1, 1, 0
1.231835, 0, 0, 0, 0, 0, 0, 0, 0
1.2318353125, 1, 1, 1, 1, 1, 1, 0, 0
1.231835375, 1, 1, 1, 1, 1, 1, 1, 1
1.2318355625, 1, 1, 1, 0, 1, 1, 1, 0
1.231835875, 1, 1, 1, 1, 1, 1, 1, 1
1.2318359375, 1, 1, 1, 0, 1, 1, 1, 0
1.231836, 1, 1, 1, 1, 1, 1, 1, 1
1.2318360625, 1, 1, 1, 0, 1, 1, 1, 0
1.23183625, 0, 0, 0, 0, 0, 0, 0, 0
1.2318365625, 1, 1, 1, 1, 1, 1, 1, 1
1.231836875, 0, 1, 1, 1, 0, 1, 1, 0
1.2318375, 0, 0, 0, 0, 0, 0, 0, 0
1.2318378125, 1, 1, 1, 1, 1, 1, 1, 1
1.231838125, 0, 1, 1, 0, 0, 1, 1, 0
1.2318386875, 0, 0, 0, 0, 0, 0, 0, 0
1.2318390625, 1, 1, 1, 1, 1, 1, 0, 1
1.231839125, 1, 1, 1, 1, 1, 1, 1, 1
1.2318393125, 0, 1, 1, 0, 1, 1, 1, 0
1.2318394375, 0, 1, 1, 1, 1, 1, 1, 1
1.2318395, 0, 1, 1, 0, 1, 1, 1, 0
1.231839625, 0, 1, 1, 1, 1, 1, 1, 1
1.2318396875, 0, 1, 1, 0, 1, 1, 1, 0
1.2318398125, 0, 1, 1, 1, 1, 1, 1, 1
1.231839875, 0, 1, 1, 0, 1, 1, 1, 0
1.23184, 0, 0, 0, 0, 0, 0, 0, 0
1.2318403125, 1, 1, 1, 1, 1, 1, 1, 1
1.231840625, 0, 0, 0, 0, 0, 0, 0, 0
1.2318415625, 1, 1, 1, 1, 1, 1, 1, 1
1.2318418125, 0, 0, 0, 0, 1, 1, 1, 0
1.231841875, 0, 0, 1, 0, 1, 1, 1, 0
1.2318419375, 0, 0, 0, 0, 1, 1, 1, 0
1.2318425, 0, 0, 0, 0, 0, 0, 0, 0
1.2318428125, 1, 1, 1, 1, 1, 1, 0, 0
1.231842875, 1, 1, 1, 1, 1, 1, 1, 1
1.2318430625, 1, 0, 0, 1, 1, 1, 1, 0
1.231843125, 1, 0, 1, 1, 1, 1, 1, 1
1.2318431875, 1, 0, 0, 1, 1, 1, 1, 0
1.2318433125, 1, 1, 0, 1, 1, 1, 1, 1
1.231843375, 1, 0, 0, 1, 1, 1, 1, 0
1.231843625, 1, 1, 1, 1, 1, 1, 1, 1
1.2318436875, 1, 0, 0, 1, 1, 1, 1, 0
1.23184375, 0, 0, 0, 0, 0, 0, 0, 0
1.2318440625, 1, 1, 1, 1, 1, 1, 1, 1
1.231844375, 1, 1, 1, 0, 1, 1, 1, 0
1.2318444375, 1, 1, 1, 1, 1, 1, 1, 1
1.2318445, 1, 1, 1, 0, 1, 1, 1, 0
1.23184475, 1, 1, 1, 1, 1, 1, 1, 1
1.2318448125, 1, 1, 1, 0, 1, 1, 1, 0
1.231844875, 1, 1, 1, 1, 1, 1, 1, 1
1.2318449375, 0, 0, 0, 0, 0, 0, 0, 0
1.2318453125, 1, 1, 1, 1, 1, 1, 0, 1
1.231845375, 1, 1, 1, 1, 1, 1, 1, 1
1.2318455625, 1, 0, 0, 0, 1, 1, 1, 0
1.23184625, 0, 0, 0, 0, 0, 0, 0, 0
1.2318465625, 1, 1, 1, 1, 1, 1, 1, 1
1.231846875, 0, 1, 1, 1, 1, 1, 1, 0
1.2318469375, 0, 1, 1, 1, 1, 1, 1, 1
1.231847, 0, 1, 1, 1, 1, 1, 1, 0
1.2318470625, 1, 1, 1, 1, 1, 1, 1, 1
1.231847125, 0, 1, 1, 1, 1, 1, 1, 0
1.231847375, 1, 1, 1, 1, 1, 1, 1, 1
1.2318474375, 0, 1, 1, 1, 1, 1, 1, 0
1.2318475, 0, 0, 0, 0, 0, 0, 0, 0
1.2318478125, 1, 1, 1, 1, 1, 1, 1, 1
1.2318480625, 0, 0, 0, 1, 0, 0, 0, 0
1.2318485625, 0, 0, 0, 0, 0, 0, 0, 0
1.231848625, 0, 0, 0, 1, 0, 0, 0, 0
1.23184875, 0, 0, 0, 0, 0, 0, 0, 0
1.2318490625, 1, 1, 1, 1, 1, 1, 0, 0
1.231849125, 1, 1, 1, 1, 1, 1, 1, 1
1.2318493125, 0, 1, 1, 1, 0, 0, 0, 0
1.23185, 0, 0, 0, 0, 0, 0, 0, 0
1.2318503125, 1, 1, 1, 1, 1, 1, 1, 1
1.231850625, 0, 0, 0, 0, 0, 0, 0, 0
1.2318515625, 1, 1, 1, 1, 1, 1, 1, 1
1.2318518125, 1, 1, 1, 1, 0, 0, 0, 0
1.231851875, 1, 1, 1, 1, 1, 0, 1, 1
1.2318519375, 1, 1, 1, 1, 0, 0, 0, 0
1.2318520625, 1, 1, 1, 1, 0, 1, 1, 1
1.231852125, 1, 1, 1, 1, 0, 0, 0, 0
1.23185225, 1, 1, 1, 1, 0, 1, 1, 1
1.2318523125, 1, 1, 1, 1, 0, 0, 0, 0
1.2318524375, 1, 1, 1, 1, 0, 1, 1, 1
1.2318525, 0, 0, 0, 0, 0, 0, 0, 0
1.2318528125, 1, 1, 1, 1, 1, 1, 1, 1
1.231853125, 1, 1, 1, 1, 1, 1, 1, 0
1.23185375, 0, 0, 0, 0, 0, 0, 0, 0
1.2318540625, 1, 1, 1, 1, 1, 1, 0, 0
1.231854125, 1, 1, 1, 1, 1, 1, 1, 1
1.2318543125, 1, 1, 1, 1, 1, 0, 0, 0
1.231854375, 1, 1, 1, 1, 1, 0, 1, 1
1.2318544375, 1, 1, 1, 1, 1, 0, 0, 0
1.231854625, 1, 1, 1, 1, 1, 1, 1, 1
1.2318546875, 1, 1, 1, 1, 1, 0, 0, 0
1.2318548125, 1, 1, 1, 1, 1, 0, 1, 1
1.231854875, 1, 1, 1, 1, 1, 0, 0, 0
1.231855, 0, 0, 0, 0, 0, 0, 0, 0
1.2318553125, 1, 1, 1, 1, 1, 1, 0, 1
1.231855375, 1, 1, 1, 1, 1, 1, 1, 1
1.2318555625, 1, 1, 1, 1, 0, 0, 0, 0
1.2318558125, 1, 1, 1, 1, 0, 0, 1, 1
1.231855875, 1, 1, 1, 1, 0, 0, 0, 0
1.231856, 1, 1, 1, 1, 0, 1, 1, 1
1.2318560625, 1, 1, 1, 1, 0, 0, 0, 0
1.2318561875, 1, 1, 1, 1, 0, 0, 1, 1
1.23185625, 0, 0, 0, 0, 0, 0, 0, 0
1.2318565625, 1, 1, 1, 1, 1, 1, 1, 1
1.231856875, 0, 0, 0, 0, 1, 1, 1, 0
1.2318574375, 0, 0, 0, 0, 0, 0, 0, 0
1.2318578125, 1, 1, 1, 1, 1, 1, 0, 0
1.231857875, 1, 1, 1, 1, 1, 1, 1, 1
1.2318580625, 0, 0, 0, 0, 0, 1, 1, 0
1.231858125, 0, 0, 0, 0, 0, 1, 1, 1
1.2318581875, 0, 0, 0, 0, 0, 1, 0, 0
1.23185825, 0, 0, 0, 0, 0, 1, 1, 0
1.2318584375, 1, 1, 0, 0, 0, 1, 1, 0
1.2318585, 0, 0, 0, 0, 0, 1, 1, 0
1.23185875, 0, 0, 0, 0, 0, 0, 0, 0
1.2318590625, 1, 1, 1, 1, 1, 1, 1, 1
1.231859375, 1, 1, 1, 1, 1, 1, 1, 0
1.2318595, 1, 1, 1, 1, 1, 1, 1, 1
1.2318595625, 1, 1, 1, 1, 1, 1, 1, 0
1.2318596875, 1, 1, 1, 1, 1, 1, 1, 1
1.23185975, 1, 1, 1, 1, 1, 1, 1, 0
1.2318598125, 1, 1, 1, 1, 1, 1, 1, 1
1.231859875, 1, 1, 1, 1, 1, 1, 1, 0
1.23186, 0, 0, 0, 0, 0, 0, 0, 0
1.2318603125, 1, 1, 1, 1, 1, 1, 1, 1
1.2318605625, 0, 0, 0, 0, 0, 0, 0, 0
1.2318615625, 1, 1, 1, 1, 1, 1, 0, 0
1.231861625, 1, 1, 1, 1, 1, 1, 1, 1
1.2318618125, 1, 1, 1, 1, 1, 1, 1, 0
1.231861875, 1, 1, 1, 1, 1, 1, 1, 1
1.2318619375, 1, 1, 1, 1, 1, 1, 1, 0
1.231862, 1, 1, 1, 1, 1, 1, 1, 1
1.231862125, 1, 1, 1, 1, 1, 1, 1, 0
1.2318621875, 1, 1, 1, 1, 1, 1, 1, 1
1.23186225, 1, 1, 1, 1, 1, 1, 1, 0
1.231862375, 1, 1, 1, 1, 1, 1, 1, 1
1.2318624375, 1, 1, 1, 1, 1, 1, 1, 0
1.2318625, 0, 0, 0, 0, 0, 0, 0, 0
1.2318628125, 1, 1, 1, 1, 1, 1, 1, 1
1.231863125, 1, 1, 1, 1, 1, 1, 1, 0
1.2318631875, 1, 1, 1, 1, 1, 1, 1, 1
1.23186325, 1, 1, 1, 1, 1, 1, 1, 0
1.2318633125, 1, 1, 1, 1, 1, 1, 1, 1
1.231863375, 1, 1, 1, 1, 1, 1, 1, 0
1.2318634375, 1, 1, 1, 1, 1, 1, 1, 1
1.2318635, 1, 1, 1, 1, 1, 1, 1, 0
1.2318636875, 0, 0, 0, 0, 0, 0, 0, 0
1.2318640625, 1, 1, 1, 1, 1, 1, 1, 1
1.2318643125, 0, 0, 0, 0, 0, 0, 0, 0
1.2318653125, 1, 1, 1, 1, 1, 1, 1, 1
1.231865625, 1, 0, 0, 1, 1, 0, 0, 0
1.2318661875, 1, 0, 0, 1, 1, 0, 1, 0
1.23186625, 0, 0, 0, 0, 0, 0, 0, 0
1.2318665625, 1, 1, 1, 1, 1, 1, 1, 1
1.2318668125, 1, 1, 1, 0, 0, 1, 1, 0
1.2318675, 0, 0, 0, 0, 0, 0, 0, 0
1.2318678125, 1, 1, 1, 1, 1, 1, 0, 1
1.231867875, 1, 1, 1, 1, 1, 1, 1, 1
1.2318680625, 0, 1, 1, 0, 0, 0, 0, 0
1.23186875, 0, 0, 0, 0, 0, 0, 0, 0
1.2318690625, 1, 1, 1, 1, 1, 1, 1, 1
1.231869375, 1, 0, 0, 1, 1, 1, 1, 0
1.2318695625, 1, 1, 1, 1, 1, 1, 1, 1
1.231869625, 1, 0, 0, 1, 1, 1, 1, 0
1.23186975, 1, 0, 0, 1, 1, 1, 1, 1
1.2318698125, 1, 0, 0, 1, 1, 1, 1, 0
1.2318699375, 0, 0, 0, 0, 0, 0, 0, 0
1.2318703125, 1, 1, 1, 1, 1, 1, 1, 1
1.2318705625, 0, 0, 0, 0, 0, 0, 0, 0
1.2318715625, 1, 1, 1, 1, 1, 1, 1, 1
1.2318719375, 1, 1, 1, 1, 1, 1, 1, 0
1.231872, 1, 1, 1, 1, 1, 1, 1, 1
1.231872125, 1, 1, 1, 1, 1, 1, 1, 0
1.2318721875, 1, 1, 1, 1, 1, 1, 1, 1
1.2318723125, 1, 1, 1, 1, 1, 1, 1, 0
1.231872375, 1, 1, 1, 1, 1, 1, 1, 1
1.2318724375, 1, 1, 1, 1, 1, 1, 1, 0
1.2318725, 0, 0, 0, 0, 0, 0, 0, 0
1.2318728125, 1, 1, 1, 1, 1, 1, 1, 1
1.2318730625, 1, 1, 1, 1, 0, 0, 0, 0
1.2318734375, 1, 1, 1, 1, 0, 1, 1, 1
1.2318735, 1, 1, 1, 1, 0, 0, 0, 0
1.231873625, 1, 1, 1, 1, 0, 0, 1, 1
1.2318736875, 1, 1, 1, 1, 0, 0, 0, 0
1.23187375, 0, 0, 0, 0, 0, 0, 0, 0
1.2318740625, 1, 1, 1, 1, 1, 1, 1, 1
1.2318743125, 1, 1, 1, 1, 1, 1, 1, 0
1.231875, 0, 0, 0, 0, 0, 0, 0, 0
1.2318753125, 1, 1, 1, 1, 1, 1, 1, 1
1.231875625, 1, 1, 1, 1, 1, 0, 0, 0
1.2318758125, 1, 1, 1, 1, 1, 0, 1, 1
1.231875875, 1, 1, 1, 1, 1, 0, 0, 0
1.231876, 1, 1, 1, 1, 1, 0, 1, 1
1.2318760625, 1, 1, 1, 1, 1, 0, 0, 0
1.2318761875, 0, 0, 0, 0, 0, 0, 1, 1
1.23187625, 0, 0, 0, 0, 0, 0, 0, 0
1.2318765625, 1, 1, 1, 1, 1, 1, 1, 1
1.2318768125, 1, 1, 1, 1, 0, 0, 0, 0
1.2318771875, 1, 1, 1, 1, 1, 0, 1, 1
1.23187725, 1, 1, 1, 1, 0, 0, 0, 0
1.231877375, 1, 1, 1, 1, 0, 0, 1, 1
1.2318774375, 1, 1, 1, 1, 0, 0, 0, 0
1.2318775, 0, 0, 0, 0, 0, 0, 0, 0
1.2318778125, 1, 1, 1, 1, 1, 1, 1, 1
1.231878125, 0, 1, 1, 0, 0, 0, 0, 0
1.23187875, 0, 0, 0, 0, 0, 0, 0, 0
1.2318790625, 1, 1, 1, 1, 1, 1, 0, 1
1.231879125, 1, 1, 1, 1, 1, 1, 1, 1
1.2318793125, 0, 0, 0, 1, 0, 1, 1, 0
1.231879625, 0, 0, 1, 1, 0, 1, 1, 0
1.2318796875, 0, 0, 0, 1, 0, 1, 1, 0
1.2318799375, 1, 1, 1, 1, 0, 1, 1, 0
1.23188, 0, 0, 0, 0, 0, 0, 0, 0
1.2318803125, 1, 1, 1, 1, 1, 1, 1, 1
1.2318805625, 0, 0, 0, 0, 0, 0, 0, 0
1.2318815625, 1, 1, 1, 1, 1, 1, 1, 1
1.231881875, 0, 0, 0, 0, 0, 0, 0, 0
1.2318828125, 1, 1, 1, 1, 1, 1, 1, 1
1.2318830625, 1, 0, 0, 1, 1, 0, 0, 0
1.23188325, 1, 0, 0, 1, 1, 0, 1, 1
1.2318833125, 1, 0, 0, 1, 1, 0, 0, 0
1.2318836875, 1, 0, 0, 1, 1, 0, 1, 0
1.23188375, 0, 0, 0, 0, 0, 0, 0, 0
1.2318840625, 1, 1, 1, 1, 1, 1, 1, 1
1.231884375, 1, 1, 1, 0, 0, 1, 1, 0
1.2318845, 1, 1, 1, 0, 1, 1, 1, 1
1.2318845625, 1, 1, 1, 0, 0, 1, 1, 0
1.2318846875, 1, 1, 1, 1, 0, 1, 1, 1
1.23188475, 1, 1, 1, 0, 0, 1, 1, 0
1.231885, 0, 0, 0, 0, 0, 0, 0, 0
1.2318853125, 1, 1, 1, 1, 1, 1, 1, 1
1.2318855625, 1, 0, 0, 1, 0, 0, 0, 0
1.23188625, 0, 0, 0, 0, 0, 0, 0, 0
1.2318865625, 1, 1, 1, 1, 1, 1, 1, 1
1.231886875, 0, 1, 1, 0, 1, 1, 1, 0
1.231887, 0, 1, 1, 0, 1, 1, 1, 1
1.2318870625, 0, 1, 1, 0, 1, 1, 1, 0
1.2318871875, 0, 1, 1, 1, 1, 1, 1, 1
1.23188725, 0, 1, 1, 0, 1, 1, 1, 0
1.231887375, 0, 1, 1, 1, 1, 1, 1, 1
1.2318874375, 0, 1, 1, 0, 1, 1, 1, 0
1.2318875, 0, 0, 0, 0, 0, 0, 0, 0
1.2318878125, 1, 1, 1, 1, 1, 1, 1, 1
1.231888125, 0, 1, 1, 0, 1, 0, 0, 0
1.2318886875, 0, 1, 0, 0, 0, 0, 0, 0
1.23188875, 0, 0, 0, 0, 0, 0, 0, 0
1.2318890625, 1, 1, 1, 1, 1, 1, 1, 1
1.2318893125, 0, 0, 0, 0, 1, 1, 1, 0
1.2318895, 0, 0, 0, 1, 1, 1, 1, 0
1.2318895625, 0, 0, 0, 0, 1, 1, 1, 0
1.2318898125, 0, 0, 0, 1, 1, 1, 1, 1
1.231889875, 0, 0, 0, 0, 1, 1, 1, 0
1.23189, 0, 0, 0, 0, 0, 0, 0, 0
1.2318903125, 1, 1, 1, 1, 1, 1, 1, 1
1.231890625, 0, 0, 0, 0, 0, 0, 0, 0
1.2318915625, 1, 1, 1, 1, 1, 1, 0, 1
1.231891625, 1, 1, 1, 1, 1, 1, 1, 1
1.2318925, 0, 0, 0, 0, 0, 0, 0, 0
1.2318928125, 1, 1, 1, 1, 1, 1, 1, 1
1.23189375, 0, 0, 0, 0, 0, 0, 0, 0
1.2318940625, 1, 1, 1, 1, 1, 1, 1, 1
1.231894375, 0, 0, 0, 0, 0, 0, 0, 0
1.2318953125, 1, 1, 1, 1, 1, 1, 1, 1
1.2318955625, 1, 0, 0, 0, 0, 0, 1, 1
1.231895625, 1, 0, 0, 0, 0, 0, 0, 1
1.23189625, 0, 0, 0, 0, 0, 0, 0, 0
1.2318965625, 1, 1, 1, 1, 1, 1, 1, 1
1.231896875, 0, 0, 0, 1, 1, 0, 0, 0
1.231897, 0, 1, 0, 1, 1, 0, 0, 0
1.2318970625, 0, 0, 0, 1, 1, 0, 0, 0
1.2318971875, 0, 0, 0, 1, 1, 0, 1, 1
1.23189725, 0, 0, 0, 1, 1, 0, 0, 0
1.2318974375, 0, 0, 0, 1, 1, 0, 1, 1
1.2318975, 0, 0, 0, 0, 0, 0, 0, 0
1.2318978125, 1, 1, 1, 1, 1, 1, 1, 1
1.2318980625, 1, 0, 0, 1, 0, 0, 1, 0
1.231898125, 1, 0, 0, 1, 0, 0, 0, 0
1.2318986875, 1, 0, 0, 0, 0, 0, 0, 0
1.23189875, 0, 0, 0, 0, 0, 0, 0, 0
1.2318990625, 1, 1, 1, 1, 1, 1, 1, 1
1.231899375, 0, 1, 1, 0, 1, 1, 1, 1
1.2318995, 1, 1, 1, 1, 1, 1, 1, 1
1.2318995625, 0, 1, 1, 0, 1, 1, 1, 1
1.2318996875, 1, 1, 1, 1, 1, 1, 1, 1
1.23189975, 0, 1, 1, 0, 1, 1, 1, 1
1.2318998125, 0, 1, 1, 1, 1, 1, 1, 1
1.231899875, 0, 1, 1, 0, 1, 1, 1, 1
1.2319, 0, 0, 0, 0, 0, 0, 0, 0
1.2319003125, 1, 1, 1, 1, 1, 1, 1, 1
1.231900625, 0, 1, 1, 0, 0, 0, 0, 0
1.2319011875, 0, 1, 0, 0, 0, 0, 0, 0
1.23190125, 0, 0, 0, 0, 0, 0, 0, 0
1.2319015625, 1, 1, 1, 1, 1, 1, 1, 1
1.2319019375, 1, 0, 0, 1, 1, 1, 1, 1
1.2319020625, 1, 1, 1, 1, 1, 1, 1, 1
1.231902125, 1, 0, 0, 1, 1, 1, 1, 1
1.2319021875, 1, 1, 1, 1, 1, 1, 1, 1
1.23190225, 1, 0, 0, 1, 1, 1, 1, 1
1.231902375, 1, 1, 1, 1, 1, 1, 1, 1
1.2319024375, 1, 0, 0, 1, 1, 1, 1, 1
1.2319025, 0, 0, 0, 0, 0, 0, 0, 0
1.2319028125, 1, 1, 1, 1, 1, 1, 1, 1
1.231903125, 1, 0, 0, 1, 0, 0, 0, 0
1.2319035, 1, 0, 0, 1, 1, 0, 0, 0
1.2319035625, 1, 0, 0, 1, 0, 0, 0, 0
1.23190375, 0, 0, 0, 0, 0, 0, 0, 0
1.2319040625, 1, 1, 1, 1, 1, 1, 1, 1
1.2319043125, 1, 1, 0, 1, 1, 0, 1, 1
1.231904375, 1, 0, 0, 1, 1, 0, 0, 1
1.2319046875, 1, 0, 0, 1, 1, 0, 1, 1
1.23190475, 1, 0, 0, 1, 1, 0, 0, 1
1.231905, 0, 0, 0, 0, 0, 0, 0, 0
1.2319053125, 1, 1, 1, 1, 1, 1, 1, 1
1.2319055625, 1, 0, 0, 1, 0, 1, 1, 1
1.2319056875, 1, 1, 1, 1, 1, 1, 1, 1
1.23190575, 1, 0, 0, 1, 0, 1, 1, 1
1.231906, 1, 1, 1, 1, 1, 1, 1, 1
1.2319060625, 1, 0, 0, 1, 0, 1, 1, 1
1.231906125, 1, 0, 0, 1, 1, 1, 1, 1
1.2319061875, 1, 0, 0, 1, 0, 1, 1, 1
1.23190625, 0, 0, 0, 0, 0, 0, 0, 0
1.2319065625, 1, 1, 1, 1, 1, 1, 1, 1
1.231906875, 1, 0, 0, 1, 0, 0, 0, 0
1.2319074375, 1, 0, 0, 0, 0, 0, 0, 0
1.2319075, 0, 0, 0, 0, 0, 0, 0, 0
1.2319078125, 1, 1, 1, 1, 1, 1, 1, 1
1.2319080625, 0, 0, 0, 1, 0, 0, 1, 0
1.231908125, 0, 0, 0, 1, 0, 0, 0, 0
1.23190875, 0, 0, 0, 0, 0, 0, 0, 0
1.2319090625, 1, 1, 1, 1, 1, 1, 1, 1
1.231909375, 1, 0, 0, 0, 1, 0, 0, 1
1.2319094375, 1, 0, 0, 0, 1, 1, 0, 1
1.2319095, 1, 0, 0, 0, 1, 0, 0, 1
1.2319095625, 1, 0, 0, 0, 1, 0, 1, 1
1.231909625, 1, 0, 0, 0, 1, 0, 0, 1
1.2319096875, 1, 0, 0, 1, 1, 0, 0, 1
1.23190975, 1, 0, 0, 0, 1, 0, 0, 1
1.23191, 0, 0, 0, 0, 0, 0, 0, 0
1.2319103125, 1, 1, 1, 1, 1, 1, 1, 1
1.2319105625, 0, 0, 0, 0, 0, 0, 1, 0
1.231910625, 0, 0, 0, 0, 0, 0, 0, 0
1.2319115625, 1, 1, 1, 1, 1, 1, 1, 1
1.2319118125, 0, 0, 0, 0, 0, 0, 0, 0
1.2319128125, 1, 1, 1, 1, 1, 1, 1, 1
1.231913125, 1, 0, 0, 0, 0, 0, 0, 1
1.2319131875, 1, 0, 0, 0, 0, 0, 0, 0
1.23191325, 1, 0, 0, 0, 0, 0, 0, 1
1.2319133125, 1, 0, 0, 0, 0, 0, 0, 0
1.231913375, 1, 0, 0, 0, 0, 0, 0, 1
1.2319136875, 0, 0, 1, 0, 0, 1, 0, 0
1.23191375, 0, 0, 0, 0, 0, 0, 0, 0
1.2319140625, 1, 1, 1, 1, 1, 1, 1, 1
1.2319143125, 1, 0, 0, 1, 1, 0, 1, 0
1.231914375, 0, 0, 0, 1, 1, 0, 0, 0
1.231915, 0, 0, 0, 0, 0, 0, 0, 0
1.2319153125, 1, 1, 1, 1, 1, 1, 1, 1
1.231915625, 1, 0, 0, 0, 0, 0, 0, 1
1.23191625, 0, 0, 0, 0, 0, 0, 0, 0
1.2319165625, 1, 1, 1, 1, 1, 1, 1, 1
1.2319168125, 1, 0, 0, 1, 1, 0, 1, 0
1.231916875, 0, 0, 0, 1, 1, 0, 0, 0
1.2319175, 0, 0, 0, 0, 0, 0, 0, 0
1.2319178125, 1, 1, 1, 1, 1, 1, 1, 1
1.2319180625, 1, 0, 0, 1, 0, 0, 0, 1
1.23191875, 0, 0, 0, 0, 0, 0, 0, 0
1.2319190625, 1, 1, 1, 1, 1, 1, 1, 1
1.231919375, 0, 0, 0, 0, 1, 0, 0, 0
1.2319199375, 0, 0, 0, 0, 0, 0, 0, 0
1.2319203125, 1, 1, 1, 1, 1, 1, 1, 1
1.2319205625, 0, 0, 0, 0, 0, 0, 0, 0
1.2319215625, 1, 1, 1, 1, 1, 1, 1, 1
1.2319225, 0, 0, 0, 0, 0, 0, 0, 0
1.2319228125, 1, 1, 1, 1, 1, 1, 1, 1
1.23192375, 0, 0, 0, 0, 0, 0, 0, 0
1.2319240625, 1, 1, 1, 1, 1, 1, 1, 1
1.2319243125, 0, 0, 0, 0, 0, 0, 0, 0
1.2319253125, 1, 1, 1, 1, 1, 1, 1, 1
1.231925625, 1, 0, 0, 0, 0, 0, 0, 1
1.2319261875, 1, 0, 0, 0, 0, 0, 0, 0
1.23192625, 0, 0, 0, 0, 0, 0, 0, 0
1.2319265625, 1, 1, 1, 1, 1, 1, 1, 1
1.2319268125, 0, 0, 0, 1, 1, 0, 0, 0
1.2319275, 0, 0, 0, 0, 0, 0, 0, 0
1.2319278125, 1, 1, 1, 1, 1, 1, 1, 1
1.231928125, 1, 0, 0, 1, 0, 0, 0, 0
1.231928375, 1, 1, 1, 1, 0, 0, 0, 0
1.2319284375, 1, 0, 0, 1, 0, 0, 0, 0
1.2319285625, 1, 0, 0, 1, 0, 0, 0, 1
1.231928625, 1, 0, 0, 1, 0, 0, 0, 0
1.23192875, 0, 0, 0, 0, 0, 0, 0, 0
1.2319290625, 1, 1, 1, 1, 1, 1, 1, 1
1.2319293125, 1, 1, 1, 0, 1, 1, 1, 1
1.231929375, 0, 1, 1, 0, 1, 1, 1, 1
1.23193, 0, 0, 0, 0, 0, 0, 0, 0
1.2319303125, 1, 1, 1, 1, 1, 1, 1, 1
1.2319305625, 0, 1, 1, 0, 0, 0, 0, 0
1.231930625, 0, 1, 1, 1, 1, 0, 0, 0
1.2319306875, 0, 1, 1, 0, 0, 0, 0, 0
1.23193075, 0, 1, 1, 0, 0, 0, 1, 1
1.2319308125, 0, 1, 1, 0, 0, 0, 0, 0
1.2319311875, 0, 1, 1, 0, 1, 1, 1, 0
1.23193125, 0, 0, 0, 0, 0, 0, 0, 0
1.2319315625, 1, 1, 1, 1, 1, 1, 1, 1
1.2319319375, 1, 0, 0, 1, 1, 1, 1, 1
1.2319320625, 1, 1, 1, 1, 1, 1, 1, 1
1.231932125, 1, 0, 0, 1, 1, 1, 1, 1
1.23193225, 1, 1, 1, 1, 1, 1, 1, 1
1.2319323125, 1, 0, 0, 1, 1, 1, 1, 1
1.231932375, 1, 1, 1, 1, 1, 1, 1, 1
1.2319324375, 1, 1, 1, 0, 0, 0, 0, 0
1.2319325, 0, 0, 0, 0, 0, 0, 0, 0
1.2319328125, 1, 1, 1, 1, 1, 1, 1, 1
1.2319330625, 1, 1, 0, 1, 0, 0, 0, 0
1.231933125, 1, 0, 0, 1, 0, 0, 1, 0
1.2319331875, 1, 0, 0, 1, 0, 0, 0, 0
1.23193375, 0, 0, 0, 0, 0, 0, 0, 0
1.2319340625, 1, 1, 1, 1, 1, 1, 1, 1
1.231934375, 1, 0, 0, 1, 1, 0, 0, 1
1.231935, 0, 0, 0, 0, 0, 0, 0, 0
1.2319353125, 1, 1, 1, 1, 1, 1, 1, 1
1.2319355625, 1, 1, 0, 1, 0, 1, 1, 1
1.231935625, 1, 1, 1, 1, 1, 1, 1, 1
1.2319356875, 1, 0, 0, 1, 0, 1, 1, 1
1.2319358125, 1, 1, 1, 1, 1, 1, 1, 1
1.231935875, 1, 0, 0, 1, 0, 1, 1, 1
1.231936, 1, 1, 1, 1, 1, 1, 1, 1
1.2319360625, 1, 0, 0, 1, 0, 1, 1, 1
1.231936125, 1, 1, 1, 1, 1, 1, 1, 1
1.2319361875, 1, 0, 0, 1, 0, 1, 1, 1
1.23193625, 0, 0, 0, 0, 0, 0, 1, 0
1.2319363125, 0, 0, 0, 0, 0, 0, 0, 0
1.2319365625, 1, 1, 1, 1, 1, 1, 1, 1
1.2319368125, 1, 0, 0, 1, 0, 0, 0, 0
1.231937125, 1, 0, 0, 1, 0, 0, 1, 0
1.2319371875, 1, 0, 0, 1, 0, 0, 0, 0
1.2319373125, 1, 0, 0, 1, 0, 0, 0, 1
1.231937375, 1, 0, 0, 1, 0, 0, 0, 0
1.2319375, 0, 0, 0, 0, 0, 0, 0, 0
1.2319378125, 1, 1, 1, 1, 1, 1, 1, 1
1.231938125, 0, 0, 0, 1, 0, 0, 0, 0
1.2319386875, 0, 0, 0, 0, 0, 0, 0, 0
1.2319390625, 1, 1, 1, 1, 1, 1, 1, 1
1.2319393125, 1, 1, 0, 0, 1, 0, 1, 1
1.231939375, 1, 0, 0, 0, 1, 0, 0, 1
1.23193975, 1, 0, 0, 1, 1, 0, 0, 1
1.2319398125, 1, 0, 0, 0, 1, 0, 0, 1
1.23194, 0, 0, 0, 0, 0, 0, 0, 0
1.2319403125, 1, 1, 1, 1, 1, 1, 1, 1
1.231940625, 0, 0, 0, 0, 0, 0, 0, 0
1.2319415625, 1, 1, 1, 1, 1, 1, 1, 1
1.2319418125, 0, 0, 0, 0, 0, 0, 0, 0
1.2319428125, 1, 1, 1, 1, 1, 1, 1, 1
1.2319430625, 1, 0, 0, 0, 0, 0, 0, 1
1.23194325, 1, 0, 1, 0, 1, 1, 0, 1
1.2319433125, 1, 0, 0, 0, 0, 0, 0, 1
1.23194375, 0, 0, 0, 0, 0, 0, 0, 0
1.2319440625, 1, 1, 1, 1, 1, 1, 1, 1
1.231944375, 0, 0, 0, 1, 1, 0, 0, 0
1.2319449375, 0, 0, 0, 0, 0, 0, 0, 0
1.2319453125, 1, 1, 1, 1, 1, 1, 1, 1
1.2319455625, 1, 1, 0, 0, 0, 0, 1, 1
1.231945625, 1, 0, 0, 0, 1, 0, 0, 1
1.2319456875, 1, 0, 0, 0, 0, 0, 0, 1
1.23194575, 1, 0, 0, 0, 0, 1, 0, 1
1.2319458125, 1, 0, 0, 0, 0, 0, 0, 1
1.23194625, 0, 0, 0, 0, 0, 0, 0, 0
1.2319465625, 1, 1, 1, 1, 1, 1, 1, 1
1.231946875, 0, 0, 0, 1, 1, 0, 0, 0
1.231947125, 0, 1, 0, 1, 1, 0, 0, 0
1.2319471875, 0, 0, 0, 1, 1, 0, 0, 0
1.231947375, 0, 0, 0, 0, 1, 0, 0, 0
1.2319474375, 0, 0, 0, 1, 1, 0, 0, 0
1.2319475, 0, 0, 0, 0, 0, 0, 0, 0
1.2319478125, 1, 1, 1, 1, 1, 1, 1, 1
1.2319480625, 1, 1, 0, 1, 0, 0, 1, 1
1.231948125, 1, 0, 0, 1, 0, 0, 0, 1
1.231948625, 1, 0, 0, 1, 0, 1, 0, 1
1.2319486875, 1, 0, 0, 1, 0, 0, 0, 1
1.23194875, 0, 0, 0, 0, 0, 0, 0, 0
1.2319490625, 1, 1, 1, 1, 1, 1, 1, 1
1.2319493125, 0, 0, 0, 0, 1, 0, 0, 0
1.23195, 0, 0, 0, 0, 0, 0, 0, 0
1.2319503125, 1, 1, 1, 1, 1, 1, 1, 1
1.231950625, 0, 0, 0, 0, 0, 0, 0, 0
1.2319515625, 1, 1, 1, 1, 1, 1, 1, 1
1.2319525, 0, 0, 0, 0, 0, 0, 0, 0
1.2319528125, 1, 1, 1, 1, 1, 1, 1, 1
1.23195375, 0, 0, 0, 0, 0, 0, 0, 0
1.2319540625, 1, 1, 1, 1, 1, 1, 1, 1
1.2319543125, 0, 0, 0, 0, 0, 0, 0, 0
1.2319553125, 1, 1, 1, 1, 1, 1, 1, 1
1.23195625, 0, 0, 0, 0, 0, 0, 0, 0
1.2319565625, 1, 1, 1, 1, 1, 1, 1, 1
1.231956875, 1, 1, 0, 1, 1, 0, 1, 1
1.2319569375, 1, 0, 0, 1, 1, 0, 0, 1
1.2319573125, 1, 0, 0, 1, 1, 0, 1, 1
1.231957375, 1, 0, 0, 1, 1, 0, 0, 1
1.2319574375, 1, 0, 0, 1, 0, 0, 0, 1
1.2319575, 0, 0, 0, 0, 0, 0, 0, 0
1.2319578125, 1, 1, 1, 1, 1, 1, 1, 1
1.2319580625, 1, 1, 1, 0, 0, 1, 1, 1
1.2319581875, 1, 1, 1, 1, 1, 1, 1, 1
1.23195825, 1, 1, 1, 0, 0, 1, 1, 1
1.2319583125, 1, 1, 1, 1, 1, 1, 1, 1
1.231958375, 1, 1, 1, 0, 0, 1, 1, 1
1.231958625, 1, 1, 1, 1, 1, 1, 1, 1
1.2319586875, 1, 1, 1, 0, 0, 1, 1, 1
1.23195875, 0, 0, 0, 0, 0, 0, 0, 0
1.2319590625, 1, 1, 1, 1, 1, 1, 1, 1
1.231959375, 1, 0, 0, 0, 0, 0, 0, 1
1.23196, 0, 0, 0, 0, 0, 0, 0, 0
1.2319603125, 1, 1, 1, 1, 1, 1, 1, 1
1.231960625, 0, 0, 0, 0, 0, 0, 0, 0
1.2319615625, 1, 1, 1, 1, 1, 1, 1, 1
1.2319625, 0, 0, 0, 0, 0, 0, 0, 0
1.2319628125, 1, 1, 1, 1, 1, 1, 1, 1
1.2319631875, 1, 1, 1, 1, 0, 0, 0, 1
1.2319634375, 1, 1, 1, 1, 1, 1, 1, 1
1.2319635, 1, 1, 1, 1, 0, 0, 0, 1
1.231963625, 1, 1, 1, 1, 1, 1, 1, 1
1.2319636875, 1, 1, 0, 0, 0, 0, 0, 0
1.23196375, 0, 0, 0, 0, 0, 0, 0, 0
1.2319640625, 1, 1, 1, 1, 1, 1, 1, 1
1.2319643125, 1, 1, 1, 1, 1, 1, 1, 0
1.2319644375, 1, 1, 1, 1, 1, 1, 1, 1
1.2319645, 1, 1, 1, 1, 1, 1, 1, 0
1.2319645625, 1, 1, 1, 1, 1, 1, 1, 1
1.231964625, 1, 1, 1, 1, 1, 1, 1, 0
1.23196475, 1, 1, 1, 1, 1, 1, 1, 1
1.2319648125, 1, 1, 1, 1, 1, 1, 1, 0
1.231965, 0, 0, 0, 0, 0, 0, 0, 0
1.2319653125, 1, 1, 1, 1, 1, 1, 1, 1
1.2319656875, 1, 1, 1, 1, 1, 1, 1, 0
1.23196575, 1, 1, 1, 1, 1, 1, 1, 1
1.2319658125, 1, 1, 1, 1, 1, 1, 1, 0
1.2319659375, 1, 1, 1, 1, 1, 1, 1, 1
1.231966, 1, 1, 1, 1, 1, 1, 1, 0
1.2319660625, 1, 1, 1, 1, 1, 1, 1, 1
1.231966125, 1, 1, 1, 1, 1, 1, 1, 0
1.2319661875, 1, 1, 1, 1, 1, 1, 1, 1
1.23196625, 0, 0, 0, 0, 0, 0, 0, 0
1.2319665625, 1, 1, 1, 1, 1, 1, 1, 1
1.2319668125, 1, 1, 1, 1, 1, 0, 1, 1
1.231966875, 1, 1, 1, 1, 1, 0, 0, 1
1.231967125, 1, 1, 1, 1, 1, 1, 0, 1
1.2319671875, 1, 1, 1, 1, 1, 0, 0, 1
1.231967375, 1, 1, 1, 1, 1, 1, 0, 1
1.2319674375, 1, 1, 1, 1, 1, 0, 0, 1
1.2319675, 0, 0, 0, 0, 0, 0, 0, 0
1.2319678125, 1, 1, 1, 1, 1, 1, 1, 1
1.2319680625, 0, 0, 0, 0, 1, 0, 0, 0
1.23196875, 0, 0, 0, 0, 0, 0, 0, 0
1.2319690625, 1, 1, 1, 1, 1, 1, 1, 1
1.231969375, 0, 1, 1, 0, 1, 1, 1, 0
1.2319694375, 0, 1, 1, 1, 1, 1, 1, 1
1.2319695, 0, 1, 1, 0, 1, 1, 1, 0
1.231969625, 0, 1, 1, 0, 1, 1, 1, 1
1.2319696875, 0, 1, 1, 0, 1, 1, 1, 0
1.231969875, 0, 1, 1, 1, 1, 1, 1, 1
1.2319699375, 0, 1, 0, 0, 1, 0, 1, 0
1.23197, 0, 0, 0, 0, 0, 0, 0, 0
1.2319703125, 1, 1, 1, 1, 1, 1, 1, 1
1.231970625, 0, 0, 0, 0, 0, 0, 0, 0
1.2319715625, 1, 1, 1, 1, 1, 1, 1, 1
1.231971875, 1, 0, 0, 0, 0, 0, 0, 1
1.2319719375, 1, 1, 1, 0, 0, 0, 0, 1
1.231972, 1, 1, 0, 0, 0, 0, 0, 1
1.2319720625, 1, 0, 0, 0, 0, 0, 0, 1
1.2319725, 0, 0, 0, 0, 0, 0, 0, 0
1.2319728125, 1, 1, 1, 1, 1, 1, 1, 1
1.231973125, 0, 1, 1, 1, 1, 1, 1, 0
1.23197325, 1, 1, 1, 1, 1, 1, 1, 1
1.2319733125, 0, 1, 1, 1, 1, 1, 1, 0
1.2319734375, 0, 1, 1, 1, 1, 1, 1, 1
1.2319735, 0, 1, 1, 1, 1, 1, 1, 0
1.231973625, 0, 1, 1, 1, 1, 1, 1, 1
1.2319736875, 0, 1, 1, 1, 1, 1, 1, 0
1.23197375, 0, 0, 0, 0, 0, 0, 0, 0
1.2319740625, 1, 1, 1, 1, 1, 1, 1, 1
1.2319743125, 0, 0, 0, 1, 1, 0, 0, 0
1.231975, 0, 0, 0, 0, 0, 0, 0, 0
1.2319753125, 1, 1, 1, 1, 1, 1, 1, 1
1.231975625, 0, 1, 1, 1, 1, 1, 1, 0
1.23197575, 0, 1, 1, 1, 1, 1, 1, 1
1.2319758125, 0, 1, 1, 1, 1, 1, 1, 0
1.231975875, 0, 1, 1, 1, 1, 1, 1, 1
1.231976, 0, 1, 1, 1, 1, 1, 1, 0
1.2319760625, 1, 1, 1, 1, 1, 1, 1, 1
1.231976125, 0, 1, 1, 1, 1, 1, 1, 0
1.2319761875, 0, 0, 0, 1, 1, 1, 1, 0
1.23197625, 0, 0, 0, 0, 0, 0, 0, 0
1.2319765625, 1, 1, 1, 1, 1, 1, 1, 1
1.2319768125, 1, 1, 0, 1, 0, 0, 1, 1
1.231976875, 1, 0, 0, 0, 0, 0, 0, 1
1.2319769375, 1, 1, 0, 0, 0, 0, 0, 1
1.231977, 1, 0, 0, 0, 0, 0, 0, 1
1.231977375, 1, 0, 0, 0, 0, 0, 1, 1
1.2319774375, 1, 0, 0, 0, 0, 0, 0, 1
1.2319775, 0, 0, 0, 0, 0, 0, 0, 0
1.2319778125, 1, 1, 1, 1, 1, 1, 1, 1
1.231978125, 0, 1, 1, 0, 0, 1, 1, 0
1.23197875, 0, 0, 0, 0, 0, 0, 0, 0
1.2319790625, 1, 1, 1, 1, 1, 1, 1, 1
1.231979375, 1, 0, 0, 0, 0, 0, 0, 1
1.23198, 0, 0, 0, 0, 0, 0, 0, 0
